"title","description"
"Spaghetti Carbonara","Classic Italian pasta dish made with eggs, cheese, pancetta, and pepper."
"Chicken Tikka Masala","Creamy and spicy chicken dish cooked in a tomato and yogurt sauce."
"Beef Stroganoff","Sautéed beef in a creamy mushroom sauce, served over egg noodles."
"Caesar Salad","Fresh romaine lettuce tossed with Caesar dressing, croutons, and Parmesan cheese."
"Vegetable Stir Fry","A mixture of colorful vegetables stir-fried with a savory sauce."
"Chicken Alfredo","Grilled chicken breasts served with fettuccine pasta and a rich Alfredo sauce."
"Fish Tacos","Crispy fish fillets served in tortillas with cabbage slaw and a tangy lime sauce."
"Margherita Pizza","Classic pizza topped with tomato sauce, fresh mozzarella, and basil."
"Lentil Soup","Hearty soup made with lentils, vegetables, and aromatic spices."
"Shrimp Scampi","Shrimp cooked in a garlic butter sauce, served over linguine pasta."
"Lasagna","Baked Italian dish with layers of pasta, meat sauce, and cheese."
"Greek Salad","Fresh salad with tomatoes, cucumber, olives, feta cheese, and a lemon-oregano dressing."
"Chicken Fajitas","Sizzling chicken strips cooked with bell peppers and onions, served with tortillas."
"Minestrone Soup","Classic Italian vegetable soup with beans, pasta, and a flavorful broth."
"BBQ Ribs","Slow-cooked pork ribs covered in a smoky barbecue sauce."
"Beef Tacos","Seasoned ground beef served in taco shells with cheese, lettuce, and salsa."
"Caprese Salad","Simple Italian salad with fresh tomatoes, mozzarella, and basil, drizzled with balsamic vinegar."
"Eggplant Parmesan","Baked layers of breaded eggplant slices, marinara sauce, and mozzarella cheese."
"Clam Chowder","Creamy soup made with clams, potatoes, and bacon."
"Chicken Parmesan","Breaded chicken breasts topped with marinara sauce and melted cheese."
"Stuffed Peppers","Bell peppers filled with a savory mixture of rice, ground beef, and vegetables."
"Tom Yum Soup","Spicy Thai soup with shrimp, mushrooms, and aromatic herbs."
"Hummus","Creamy dip made from blended chickpeas, tahini, lemon juice, and garlic."
"Paella","Spanish rice dish with seafood, chicken, and vegetables, seasoned with saffron."
"Veggie Burrito","Flour tortilla filled with beans, rice, cheese, and various vegetables."
"Chicken Caesar Wrap","Grilled chicken, romaine lettuce, Caesar dressing, and Parmesan cheese wrapped in a tortilla."
"Sushi Rolls","Vinegared rice rolled with seaweed, vegetables, and raw or cooked seafood."
"Ratatouille","French vegetable stew with eggplant, zucchini, bell peppers, and tomatoes."
"Falafel","Deep-fried balls or patties made from ground chickpeas or fava beans, typically served in pita bread."
"Pad Thai","Thai stir-fried noodles with shrimp, tofu, peanuts, and a tangy sauce."
"Pumpkin Soup","Creamy soup made with pumpkin, spices, and cream."
"Baked Ziti","Baked pasta dish with ziti noodles, meat sauce, and cheese."
"Biryani","Fragrant Indian rice dish with marinated meat, aromatic spices, and saffron."
"Guacamole","Chunky avocado dip with tomatoes, onions, cilantro, and lime juice."
"Shepherd's Pie","Savory pie with ground meat, vegetables, and mashed potatoes."
"Vegetarian Chili","Hearty stew with beans, tomatoes, peppers, and spices."
"Chicken Noodle Soup","Comforting soup with chicken, noodles, carrots, and celery."
"French Onion Soup","Rich beef broth with caramelized onions, topped with melted cheese on toasted bread."
"Shakshuka","Dish of poached eggs in a spicy tomato and pepper sauce."
"Egg Fried Rice","Stir-fried rice with eggs, vegetables, and soy sauce."
"Miso Soup","Japanese soup with tofu, seaweed, and green onions in a miso broth."
"Garlic Shrimp","Sautéed shrimp in a buttery garlic sauce."
"Banana Bread","Moist quick bread made with ripe bananas and walnuts."
"Tiramisu","Classic Italian dessert with layers of coffee-soaked ladyfingers and mascarpone cream."
"Gazpacho","Chilled Spanish tomato soup with cucumbers, bell peppers, and onions."
"Chicken Quesadilla","Grilled tortilla filled with cheese, chicken, and salsa."
"Chocolate Chip Cookies","Classic cookies with chunks of semi-sweet chocolate."
"Apple Pie","Traditional American dessert with cinnamon-spiced apples in a flaky crust."
"Teriyaki Chicken","Grilled chicken glazed with a sweet and savory teriyaki sauce."
"Stuffed Mushrooms","Mushrooms filled with breadcrumbs, cheese, and herbs, then baked."
"Vegetable Curry","Spicy dish with a variety of vegetables in a curry sauce."
"Chicken Pot Pie","Savory pie with a flaky crust, filled with chicken, vegetables, and gravy."
"Chili Con Carne","Spicy stew with ground beef, beans, tomatoes, and chili peppers."
"Quiche Lorraine","Savory pie with a creamy custard filling, bacon, and cheese."
"Beef Bourguignon","French stew with beef braised in red wine, along with mushrooms and onions."
"Carrot Cake","Moist cake with shredded carrots, spices, and a cream cheese frosting."
"Pasta Primavera","Pasta with a variety of fresh vegetables and a light sauce."
"Cauliflower Rice","Healthy alternative to rice, made with finely chopped cauliflower."
"Chicken Satay","Skewered and grilled chicken served with a peanut sauce."
"Ramen","Japanese noodle soup with meat, vegetables, and a savory broth."
"Vegetable Samosas","Indian pastries filled with spiced potatoes and peas."
"Crepes","Thin French pancakes filled with sweet or savory ingredients."
"Chocolate Mousse","Light and airy dessert made with chocolate and whipped cream."
"Chicken Enchiladas","Tortillas rolled with chicken and cheese, baked in a spicy sauce."
"Beet Salad","Salad with roasted beets, goat cheese, and a balsamic vinaigrette."
"Cauliflower Buffalo Wings","Spicy, baked cauliflower florets served with a tangy buffalo sauce."
"Pesto Pasta","Pasta tossed with a sauce made from fresh basil, garlic, pine nuts, and Parmesan cheese."
"Potato Leek Soup","Creamy soup made with potatoes, leeks, and a touch of cream."
"Spinach Artichoke Dip","Warm dip made with spinach, artichokes, and cheese."
"Veggie Burger","Burger made with a patty of vegetables, grains, and legumes."
"Oatmeal Cookies","Chewy cookies made with oats, raisins, and cinnamon."
"Chicken Piccata","Chicken breasts cooked in a lemon-butter sauce with capers."
"Pumpkin Pie","Classic American dessert with a spiced pumpkin filling in a pie crust."
"Roast Beef","Tender beef roast seasoned and cooked to perfection."
"Avocado Toast","Toasted bread topped with mashed avocado, salt, and pepper."
"Turkish Delight","Sweet confection made with sugar, starch, and flavorings."
"Shrimp Fried Rice","Stir-fried rice with shrimp, eggs, and vegetables."
"Zucchini Bread","Moist quick bread made with grated zucchini and spices."
"Pulled Pork Sandwich","Slow-cooked pork shoulder shredded and served on a bun with barbecue sauce."
"Fruit Salad","Mixture of fresh fruits tossed together."
"Butter Chicken","Rich, creamy chicken dish cooked in a tomato-based sauce."
"Tuna Salad","Salad with canned tuna, mayonnaise, and celery."
"Chocolate Fondue","Melted chocolate served with fruit and other dippables."
"Potato Salad","Salad with boiled potatoes, mayonnaise, and various add-ins."
"Broccoli Cheddar Soup","Creamy soup with broccoli and cheddar cheese."
"Cinnamon Rolls","Sweet rolls with a cinnamon-sugar filling, topped with icing."
"Egg Salad","Chopped hard-boiled eggs mixed with mayonnaise and seasonings."
"Peach Cobbler","Warm dessert with sweetened peaches topped with a biscuit crust."
"Green Smoothie","Healthy drink with spinach, fruits, and yogurt."
"Beef Kebabs","Marinated beef chunks grilled on skewers with vegetables."
"Cheeseburger","Burger with a beef patty, cheese, and various toppings."
"Roast Chicken","Whole chicken roasted with herbs and spices."
"Mango Salsa","Fresh salsa made with diced mango, red onion, and cilantro."
"Blueberry Muffins","Moist muffins with fresh blueberries."
"Egg Benedict","Poached eggs served on an English muffin with Canadian bacon and hollandaise sauce."
"Mushroom Risotto","Creamy rice dish cooked with mushrooms and Parmesan cheese."
"Cottage Pie","Savory pie with ground meat and vegetables, topped with mashed potatoes."
"Dumplings","Savory pockets of dough filled with meat or vegetables, steamed or fried."
"Kale Salad","Salad made with fresh kale, nuts, and a tangy dressing."
"Lobster Bisque","Creamy, rich soup made with lobster stock and cream."
"Shishito Peppers","Blistered Japanese peppers served as an appetizer."
"Peanut Butter Cookies","Soft cookies made with peanut butter."
"Meatloaf","Baked loaf of ground meat mixed with seasonings."
"Cranberry Sauce","Tangy sauce made with fresh cranberries and orange zest."
"Banoffee Pie","British dessert with a banana, caramel, and whipped cream filling."
"French Toast","Slices of bread soaked in egg mixture, then cooked until golden brown."
"Potato Gnocchi","Soft Italian dumplings made from potatoes and flour."
"Orange Chicken","Chicken pieces fried and coated in a sweet orange sauce."
"Mac and Cheese","Pasta in a creamy cheese sauce."
"Apple Crumble","Dessert with spiced apples topped with a crumbly oat mixture."
"Pork Dumplings","Dumplings filled with seasoned ground pork."
"Eggnog","Rich, creamy holiday drink made with eggs, milk, and spirits."
"Vegan Tacos","Tacos filled with plant-based ingredients like beans and vegan cheese."
"Baked Salmon","Salmon fillets seasoned and baked until tender."
"Spaghetti Bolognese","Pasta with a rich meat sauce made from ground beef and tomatoes."
"Gazpacho","Chilled Spanish tomato soup with cucumbers, bell peppers, and onions."
"Chicken Caesar Salad","Grilled chicken served on romaine lettuce with Caesar dressing."
"Tuna Casserole","Baked dish with canned tuna, pasta, and a creamy sauce."
"Roast Potatoes","Crispy potatoes roasted with herbs and olive oil."
"Goulash","Hungarian stew made with beef, vegetables, and paprika."
"Cobb Salad","Salad with a variety of ingredients including chicken, bacon, eggs, and avocado."
"Cream of Mushroom Soup","Smooth, creamy soup made with mushrooms and a bit of cream."
"Tofu Stir Fry","Stir-fried tofu with vegetables and a savory sauce."
"German Sausages","Traditional German sausages served with sauerkraut."
"Pita Bread","Soft, round flatbreads that can be stuffed with fillings."
"Chicken Marsala","Chicken cooked in a mushroom and Marsala wine sauce."
"Pumpkin Muffins","Moist muffins made with pumpkin and spices."
"Baked Beans","Savory, sweet beans cooked slowly with bacon and onions."
"Tabbouleh","Middle Eastern salad made with bulgur, parsley, tomatoes, and a lemon vinaigrette."
"Creme Brulee","Custard dessert with a caramelized sugar topping."
"Beef Enchiladas","Tortillas rolled with seasoned beef and cheese, baked in a spicy sauce."
"Peanut Butter Smoothie","Smoothie made with peanut butter, banana, and milk."
"Steak and Eggs","Grilled steak served with fried eggs."
"Spinach Quiche","Savory pie with a creamy spinach and cheese filling."
"Mashed Sweet Potatoes","Creamy mashed sweet potatoes with butter and cinnamon."
"Tzatziki","Greek yogurt sauce with cucumber, garlic, and dill."
"Corn on the Cob","Grilled or boiled corn served with butter and salt."
"Honey Glazed Carrots","Carrots cooked with a honey glaze."
"Almond Biscotti","Twice-baked Italian cookies with almonds."
"Stuffed Shells","Pasta shells filled with ricotta cheese, baked in marinara sauce."
"Chicken and Waffles","Fried chicken served on top of waffles."
"Prosciutto and Melon","Italian appetizer with thin slices of prosciutto wrapped around melon."
"Chocolate Cake","Moist, rich chocolate cake with chocolate frosting."
"Seafood Paella","Spanish rice dish with a variety of seafood and saffron."
"Eggplant Lasagna","Lasagna made with layers of sliced eggplant instead of noodles."
"Vegetable Soup","Soup made with a mixture of vegetables in a savory broth."
"French Crepes","Thin French pancakes served with sweet or savory fillings."
"Chocolate Truffles","Rich, creamy chocolate confections."
"Fettuccine Alfredo","Pasta with a creamy Alfredo sauce."
"Stuffed Zucchini","Zucchini halves filled with a savory mixture of meat or vegetables."
"Chicken Cordon Bleu","Breaded chicken breasts stuffed with ham and cheese."
"Chocolate Brownies","Rich, fudgy squares of chocolate."
"Churros","Spanish fried dough pastries dusted with sugar."
"Lamb Chops","Grilled or broiled lamb rib chops."
"Stuffed Bell Peppers","Bell peppers filled with a mixture of rice, meat, and vegetables."
"Peach Salsa","Fresh salsa made with diced peaches, red onions, and cilantro."
"Clam Linguine","Pasta dish with clams in a garlic butter sauce."
"Vegan Brownies","Chocolate brownies made with plant-based ingredients."
"Seared Scallops","Pan seared scallops with a golden crust."
"Chicken Curry","Spicy chicken dish cooked in a rich curry sauce."
"Vegetable Lasagna","Lasagna made with layers of vegetables instead of meat."
"Egg Drop Soup","Chinese soup with beaten eggs swirling in chicken broth."
"Ratatouille","French vegetable stew with eggplant, zucchini, bell peppers, and tomatoes."
"Guacamole","Chunky avocado dip with tomatoes, onions, cilantro, and lime juice."
"Caprese Salad","Simple Italian salad with fresh tomatoes, mozzarella, and basil, drizzled with balsamic vinegar."
"Cucumber Salad","Refreshing salad made with cucumbers, red onions, and a vinegar dressing."
"Baked Eggplant","Slices of eggplant baked with cheese and marinara sauce."
"Gazpacho","Chilled Spanish tomato soup with cucumbers, bell peppers, and onions."
"Pork Tenderloin","Juicy tenderloin seasoned and cooked to perfection."
"Chickpea Salad","Salad made with cooked chickpeas, vegetables, and a tangy dressing."
"Pumpkin Pancakes","Fluffy pancakes made with pumpkin and warm spices."
"Chocolate Pudding","Smooth, rich chocolate dessert."
"Lentil Salad","Salad made with cooked lentils, vegetables, and a mustard vinaigrette."
"Roast Vegetables","Mix of vegetables roasted until tender and caramelized."
"Cornbread","Moist, slightly sweet bread made with cornmeal."
"Couscous Salad","Salad made with couscous, vegetables, and a lemon herb dressing."
"Crab Cakes","Pan-fried cakes made with crab meat and seasonings."
"Tomato Bruschetta","Toasted bread topped with a mixture of tomatoes, basil, and garlic."
"Panna Cotta","Italian dessert made with cream, sugar, and gelatin."
"Chicken Katsu","Japanese breaded and fried chicken cutlets."
"Eggplant Parmesan","Baked layers of breaded eggplant slices, marinara sauce, and mozzarella cheese."
"BBQ Chicken","Grilled chicken breasts basted with barbecue sauce."
"Tiramisu","Classic Italian dessert with layers of coffee-soaked ladyfingers and mascarpone cream."
"Penne Arrabbiata","Pasta with a spicy tomato sauce."
"Meatballs","Tender meatballs cooked in a tomato sauce."
"Beef Stew","Hearty stew with beef, potatoes, carrots, and a rich broth."
"Shepherd's Pie","Savory pie with ground meat, vegetables, and mashed potatoes."
"Chicken Satay","Skewered and grilled chicken served with a peanut sauce."
"Fish and Chips","Fried fish fillets served with crispy potato fries."
"Bruschetta","Toasted bread topped with tomatoes, basil, and garlic."
"Shrimp Cocktail","Cooked shrimp served with a tangy cocktail sauce."
"Steamed Mussels","Mussels steamed in white wine with garlic and herbs."
"Ginger Chicken Stir Fry","Chicken stir-fried with ginger, garlic, vegetables, and a savory sauce."
"Lamb Curry","Spicy curry dish made with tender lamb and aromatic spices."
"Pork Schnitzel","Breaded and fried pork cutlets served with lemon wedges."
"Mango Lassi","Refreshing yogurt drink blended with mango and spices."
"Beet Hummus","Colorful hummus made with beets, chickpeas, and tahini."
"Quinoa Salad","Salad with cooked quinoa, vegetables, and a tangy dressing."
"Creole Jambalaya","Spicy rice dish with sausage, shrimp, and chicken, seasoned with Creole spices."
"Sweet Potato Fries","Baked sweet potato fries seasoned with garlic and herbs."
"Lentil Soup","Hearty soup made with lentils, vegetables, and aromatic spices."
"Shrimp Scampi","Shrimp cooked in a garlic butter sauce, served over linguine pasta."
"Lasagna","Baked Italian dish with layers of pasta, meat sauce, and cheese."
"Greek Salad","Fresh salad with tomatoes, cucumber, olives, feta cheese, and a lemon-oregano dressing."
"Chicken Fajitas","Sizzling chicken strips cooked with bell peppers and onions, served with tortillas."
"Minestrone Soup","Classic Italian vegetable soup with beans, pasta, and a flavorful broth."
"BBQ Ribs","Slow-cooked pork ribs covered in a smoky barbecue sauce."
"Cajun Chicken","Spicy chicken dish cooked with a blend of Cajun spices."
"Vegetable Lasagna","Layers of pasta with vegetables, marinara sauce, and cheese, baked to perfection."
"Banana Smoothie","Creamy smoothie made with bananas, yogurt, and honey."
"Honey Glazed Chicken","Chicken drumsticks baked with a sweet and sticky honey glaze."
"Lobster Roll","Soft bread roll filled with succulent lobster meat mixed with a light mayo dressing."
"Eggplant Involtini","Eggplant slices rolled up with ricotta and spinach, baked in tomato sauce."
"Roasted Brussels Sprouts","Crispy Brussels sprouts seasoned with olive oil and garlic, roasted in the oven."
"Chickpea Curry","Savory curry made with chickpeas, tomatoes, and coconut milk, served over rice."
"Vegetable Tahini Salad","Mixed greens and vegetables drizzled with a creamy tahini dressing."
"Tomato Basil Soup","Smooth and creamy tomato soup with fresh basil."
"Chocolate Lava Cake","Rich chocolate cake with a gooey molten center."
"Chicken Tenders","Breaded and fried chicken strips, perfect with dipping sauces."
"Garlic Knots","Soft bread knots brushed with a garlic butter glaze."
"Ratatoille","French vegetable stew featuring eggplant, zucchini, and bell peppers."
"Sushi Bowl","Deconstructed sushi with rice, raw fish, avocado, cucumber, and a drizzle of soy sauce."
"Minestrone Soup","Classic Italian vegetable soup made with beans, pasta, and a flavorful broth."
"Lamb Kebabs","Skewered and grilled lamb cubes, marinated with spices."
"Fruit Tart","Crispy pastry crust filled with custard and topped with fresh fruit."
"Bacon Wrapped Asparagus","Asparagus spears wrapped in bacon and roasted until crispy."
"Buffalo Chicken Dip","Spicy, creamy dip made with shredded chicken, hot sauce, and cheese."
"Cucumber Sandwiches","Tea sandwiches with crisp cucumbers and a light dill spread."
"Pumpkin Spice Latte","Creamy coffee drink flavored with pumpkin, cinnamon, and nutmeg."
"Taco Salad","Salad with seasoned ground beef, lettuce, tomatoes, cheese, and tortilla chips."
"Grilled Cheese Sandwich","Toasted sandwich with melted cheese."
"Cobb Salad","Fresh salad with chicken, bacon, hard-boiled eggs, avocado, and blue cheese."
"Korean Bibimbap","Korean rice bowl topped with arranged vegetables, meat, and a fried egg."
"Stuffed Avocados","Halved avocados filled with a savory chicken or tuna salad."
"Pea and Mint Soup","Light and refreshing soup made with peas and fresh mint."
"Fish Chowder","Rich and creamy soup made with fresh fish, potatoes, and onions."
"Oatmeal","Breakfast porridge made from oats and milk."
"Egg Foo Young","Chinese omelet made with eggs, vegetables, and meats, served with a savory gravy."
"Chicken Salad","Salad made with cooked chicken, mayonnaise, and celery."
"Baked Tilapia","Tender tilapia fillets baked with a lemon garlic sauce."
"Pasta Puttanesca","Pasta dish with a tangy tomato sauce made with olives, capers, and anchovies."
"Green Bean Casserole","Savory casserole made with green beans and a creamy mushroom sauce."
"Chickpea Tacos","Tacos filled with spiced chickpeas, avocado, and salsa."
"Cinnamon Apples","Sliced apples cooked with cinnamon and brown sugar."
"Warm Lentil Salad","Salad made with warm lentils, roasted vegetables, and a mustard dressing."
"Fresh Spring Rolls","Rice paper rolls filled with fresh vegetables, shrimp, and a tangy dipping sauce."
"Grilled Pineapple","Slices of pineapple brushed with honey and grilled until caramelized."
"Couscous","Fluffy couscous served as a side dish with a flavorful broth."
"Coconut Shrimp","Shrimp coated in coconut flakes and fried until golden brown."
"Chicken Pho","Vietnamese noodle soup with chicken, herbs, and a savory broth."
"Spinach Artichoke Pasta","Pasta tossed with a creamy spinach and artichoke sauce."
"Vegetable Kabobs","Grilled skewers of assorted seasoned vegetables."
"Chocolate Covered Strawberries","Fresh strawberries dipped in melted chocolate."
"Chimichurri Steak","Grilled steak topped with a fresh chimichurri sauce."
"Chef's Salad","Hearty salad with various meats, cheese, and hard-boiled eggs."
"Pear and Blue Cheese Salad","Salad with fresh pears, blue cheese, and walnuts."
"Corn Fritters","Crispy fritters made with sweet corn and a light batter."
"Pineapple Fried Rice","Stir-fried rice with pineapple, vegetables, and soy sauce."
"Vegetable Soba Noodles","Buckwheat noodles stir-fried with colorful vegetables and a savory sauce."
"Gyro","Greek sandwich with grilled meats, tomatoes, onions, and tzatziki sauce, wrapped in pita bread."
"Couscous Stuffed Peppers","Bell peppers filled with a savory couscous and vegetable mixture."
"Shrimp Pad Thai","Thai noodle dish with shrimp, peanuts, and a tangy sauce."
"BBQ Chicken Pizza","Pizza topped with barbecue sauce, chicken, and red onions."
"Ramen","Japanese noodle soup with a rich broth, noodles, and assorted toppings."
"Herb Roasted Chicken","Whole chicken roasted with a blend of fresh herbs."
"Shrimp Tacos","Tacos filled with seasoned shrimp, cabbage, and a tangy sauce."
"Vegetable Loaf","Savory loaf made with a mixture of vegetables and spices."
"Honey Mustard Chicken","Chicken thighs baked with a sweet and tangy honey mustard glaze."
"Caprese Sandwich","Sandwich with fresh tomatoes, mozzarella, basil, and a drizzle of balsamic glaze."
"Eggplant Rollatini","Breaded eggplant slices rolled with ricotta cheese, baked in marinara sauce."
"Caesar Pasta Salad","Pasta salad made with Caesar dressing, chicken, and parmesan cheese."
"Chicken Shawarma","Marinated chicken cooked on a vertical rotisserie and served in pita bread."
"Malai Kofta","Indian dish with spiced vegetable balls served in a rich, creamy sauce."
"Chicken Tagine","Moroccan stew with chicken, vegetables, and aromatic spices."
"Vegetarian Sushi","Sushi rolls filled with assorted vegetables."
"Mango Salsa","Fresh salsa made with diced mango, red onions, and cilantro."
"Scalloped Potatoes","Thinly sliced potatoes baked in a creamy cheese sauce."
"Apple Cinnamon Muffins","Moist muffins made with apples and cinnamon."
"Cheese Souffle","Light and airy souffle made with cheese."
"Veggie Pizza","Pizza topped with a variety of fresh vegetables."
"Coconut Curry Soup","Spicy and creamy soup made with coconut milk, vegetables, and curry spices."
"Banana Pancakes","Fluffy pancakes made with ripe bananas."
"Zucchini Fritters","Crispy fritters made with grated zucchini and cheese."
"Falafel Salad","Salad with crispy falafel balls, fresh vegetables, and a tahini dressing."
"Caramelized Onions","Sweet and savory onions cooked slowly until caramelized."
"Red Velvet Cake","Rich, moist cake with a cream cheese frosting."
"Potato Pancakes","Crispy pancakes made from grated potatoes."
"Garlic Bread","Toasted bread topped with garlic butter and herbs."
"Spinach Lasagna","Lasagna made with layers of spinach, ricotta, and marinara sauce."
"Tomato Bruschetta","Toasted bread topped with a mixture of tomatoes, basil, and garlic."
"Strawberry Shortcake","Dessert made with fresh strawberries, sweet biscuits, and whipped cream."
"Chicken Strip","Breaded and fried strips of chicken."
"Broccoli Pesto Pasta","Pasta tossed with a fresh broccoli pesto sauce."
"Huevos Rancheros","Mexican breakfast dish with fried eggs, salsa, and tortillas."
"Black Bean Soup","Hearty soup made with black beans, vegetables, and spices."
"Tortilla Soup","Spicy Mexican soup with a tomato base, tortilla strips, and avocado."
"Stuffed Zucchini Boats","Zucchini halves filled with a savory mixture of meat or vegetables and baked."
"Coffee Cake","Moist cake with a streusel topping, perfect with coffee."
"Pumpkin Cheesecake","Cheesecake made with a spiced pumpkin filling."
"Chicken Gyros","Greek sandwich with marinated chicken, vegetables, and tzatziki sauce."
"Quinoa Stuffed Peppers","Bell peppers filled with quinoa, vegetables, and cheese, then baked."
"Chocolate Pie","Rich pie with a chocolate filling and a flaky crust."
"Turkey Burgers","Lean turkey patties served on buns with various toppings."
"Bircher Muesli","Swiss oatmeal with grated apple, nuts, and yogurt."
"Lamb Meatballs","Tender lamb meatballs served in a spicy tomato sauce."
"Radish Salad","Salad made with sliced radishes, cucumber, and a tangy vinaigrette."
"Chicken Quesadillas","Grilled tortillas filled with cheese, chicken, and salsa."
"Herb Crusted Salmon","Salmon fillets with a fresh herb crust, baked to perfection."
"Corn Chowder","Creamy soup made with sweet corn, potatoes, and bacon."
"Mango Chicken","Chicken breasts cooked with a fresh mango sauce."
"Spinach Stuffed Shells","Pasta shells filled with a spinach and ricotta mixture, baked in marinara sauce."
"Cauliflower Soup","Smooth and creamy soup made with roasted cauliflower."
"Coconut Macaroons","Sweet coconut cookies with a chewy center."
"Vegetable Frittata","Italian omelet with vegetables and cheese."
"Bavarian Pretzel","Soft, chewy pretzels with a touch of salt."
"Pickled Vegetables","Assorted vegetables pickled in a vinegar brine."
"Mocha Cheesecake","Cheesecake with a mocha-flavored filling and a chocolate crust."
"Turkish Eggs","Poached eggs served over yogurt, drizzled with spiced butter."
"Vegetable Goulash","Hearty stew made with vegetables and paprika."
"Peanut Satay Skewers","Grilled skewers of meat served with a peanut sauce."
"Baked Oatmeal","Hearty breakfast dish made with oats, fruits, and nuts."
"Soba Noodle Salad","Cold salad made with soba noodles, vegetables, and a soy dressing."
"Apple Streusel","Dessert made with spiced apples and a crumbly streusel topping."
"Baked Acorn Squash","Acorn squash halves baked with a sweet or savory filling."
"Pecan Pie","Rich pie with a filling of pecans and a caramel-like mixture."
"Beef Wellington","Tender beef fillet wrapped in puff pastry, baked to perfection."
"Tiramisu","Classic Italian dessert with layers of coffee-soaked ladyfingers and mascarpone cream."
"Pumpkin Bread","Moist quick bread made with pumpkin and warm spices."
"Seafood Alfredo","Fettuccine pasta tossed with a creamy Alfredo sauce and assorted seafood."
"Vegetable Biryani","Fragrant rice dish with mixed vegetables and aromatic spices."
"Chicken Cacciatore","Chicken cooked with tomatoes, bell peppers, mushrooms, and herbs."
"Feta Stuffed Peppers","Mini bell peppers stuffed with feta cheese, olives, and herbs."
"Kimchi Fried Rice","Fried rice dish with kimchi, vegetables, and a fried egg."
"Roasted Butternut Squash","Cubed butternut squash roasted with olive oil and spices."
"Vegetable Pancakes","Savory pancakes made with grated vegetables and a touch of flour."
"Pumpkin Soup","Creamy soup made with pumpkin, stock, and a blend of spices."
"Chicken Alfredo","Grilled chicken breasts served with fettuccine pasta and a rich Alfredo sauce."
"Lentil Burgers","Vegetarian burgers made with lentils and vegetables."
"Sweet Potato Casserole","Casserole made with mashed sweet potatoes, brown sugar, and topped with marshmallows."
"Garden Salad","Fresh salad with mixed greens, tomatoes, cucumbers, and a light dressing."
"Mushroom Soup","Creamy soup made with a variety of mushrooms and a hint of thyme."
"Shrimp Fajitas","Sizzling shrimp cooked with bell peppers and onions, served with tortillas."
"Vegan Chili","Hearty chili made with beans, tomatoes, and spices, without any animal products."
"Macaroni Salad","Cold pasta salad made with macaroni, mayonnaise, and various add-ins."
"Lobster Bisque","Rich and creamy soup made with lobster stock and chunks of lobster meat."
"Gingerbread Cookies","Warm and spicy cookies made with molasses and ginger."
"Pot Roast","Slow-cooked beef roast with potatoes and carrots."
"Spinach Smoothie","Healthy smoothie made with fresh spinach, banana, and almond milk."
"Pork Dumplings","Savory dumplings filled with pork and vegetables, steamed or fried."
"Egg Salad","Chopped hard-boiled eggs mixed with mayonnaise and seasonings."
"Pumpkin Risotto","Creamy risotto made with pumpkin and Parmesan cheese."
"Berry Parfait","Layered dessert with yogurt, granola, and fresh berries."
"Coconut Rice","Rice cooked with coconut milk for a sweet, fragrant flavor."
"Roasted Garlic","Whole garlic bulbs roasted until soft and sweet."
"Veggie Burger","Burger made with a patty of vegetables, grains, and legumes."
"Lemon Bars","Tangy dessert bars made with a lemon custard on a shortbread crust."
"Chicken Noodle Casserole","Baked casserole with chicken, noodles, and a creamy sauce."
"Crab Rangoon","Fried wontons filled with a creamy crab mixture."
"Artichoke Dip","Warm dip made with artichokes, spinach, and cheese."
"Chocolate Pudding","Smooth, rich chocolate dessert."
"Chicken Potstickers","Pan-fried dumplings filled with a savory chicken mixture."
"Curry Chicken Salad","Salad made with cooked chicken curry."
"Apple Butter","Thick and spiced apple spread, perfect for toast."
"Vegetable Souvlaki","Grilled vegetable skewers seasoned with Greek herbs."
"Caprese Salad","Simple Italian salad with fresh tomatoes, mozzarella, and basil, drizzled with balsamic vinegar."
"Fresh Spring Rolls","Rice paper rolls filled with fresh vegetables, shrimp, and a tangy dipping sauce."
"Breakfast Burrito","Flour tortilla filled with eggs, cheese, and other breakfast goodies."
"Herb Roasted Carrots","Carrots roasted with a blend of fresh herbs."
"Black Bean Brownies","Fudgy brownies made with black beans for a healthier twist."
"Apricot Chicken","Chicken breasts cooked with a sweet apricot sauce."
"Gingerbread Cake","Moist cake flavored with molasses and ginger."
"Vegetarian Moussaka","Greek casserole with layers of eggplant, potatoes, and a vegetable sauce."
"Cabbage Rolls","Cabbage leaves stuffed with a meat and rice mixture, then baked in tomato sauce."
"Chickpea Burgers","Vegetarian burgers made with mashed chickpeas and spices."
"Raspberry Sorbet","Refreshing frozen dessert made with raspberry puree."
"Frittata","Italian omelet with vegetables and cheese."
"Rosemary Chicken","Chicken breasts seasoned with rosemary and baked."
"Chicken Marsala","Chicken breasts cooked in a mushroom and Marsala wine sauce."
"Chocolate Eclairs","Pastry filled with cream and topped with chocolate glaze."
"Banana Cream Pie","Pie with a creamy banana filling and a whipped cream topping."
"Shrimp Gumbo","Spicy and hearty stew with shrimp, sausage, and vegetables."
"Mango Chicken","Chicken dish cooked with fresh mango sauce."
"Polenta","Creamy cornmeal dish often served as a side."
"Caramel Popcorn","Popcorn coated in a sweet caramel sauce."
"Cucumber Raita","Cooling Indian side dish made with yogurt and cucumbers."
"Beef Stroganoff","Sautéed beef in a creamy mushroom sauce, served over egg noodles."
"Hot and Sour Soup","Spicy and tangy Chinese soup with tofu and mushrooms."
"Churros","Spanish fried dough pastries dusted with sugar."
"Potato Au Gratin","Thinly sliced potatoes baked in a creamy cheese sauce."
"Fruit Smoothie","Blended drink made with a mix of fresh fruits and yogurt."
"Barley Salad","Salad made with cooked barley, vegetables, and herbs."
"Buffalo Cauliflower","Cauliflower florets coated in spicy buffalo sauce and baked until crispy."
"Eggplant Caponata","Sicilian relish made with eggplant, tomatoes, and a sweet-sour sauce."
"Kale Chips","Crispy kale leaves baked with a touch of olive oil and salt."
"Spaghetti Carbonara","Classic Italian pasta dish made with eggs, cheese, pancetta, and pepper."
"Chicken Tikka Masala","Creamy and spicy chicken dish cooked in a tomato and yogurt sauce."
"Beef Stroganoff","Sautéed beef in a creamy mushroom sauce, served over egg noodles."
"Caesar Salad","Fresh romaine lettuce tossed with Caesar dressing, croutons, and Parmesan cheese."
"Vegetable Stir Fry","A mixture of colorful vegetables stir-fried with a savory sauce."
"Chicken Alfredo","Grilled chicken breasts served with fettuccine pasta and a rich Alfredo sauce."
"Fish Tacos","Crispy fish fillets served in tortillas with cabbage slaw and a tangy lime sauce."
"Margherita Pizza","Classic pizza topped with tomato sauce, fresh mozzarella, and basil."
"Lentil Soup","Hearty soup made with lentils, vegetables, and aromatic spices."
"Shrimp Scampi","Shrimp cooked in a garlic butter sauce, served over linguine pasta."
"Lasagna","Baked Italian dish with layers of pasta, meat sauce, and cheese."
"Greek Salad","Fresh salad with tomatoes, cucumber, olives, feta cheese, and a lemon-oregano dressing."
"Chicken Fajitas","Sizzling chicken strips
"
