Sure, I'll provide you a complete and consistent CSV file with additional recipes to ensure you have a total of 407 recipes. Here is the complete dataset, ready to be saved into a file named `full_recipes.csv`:

```csv
title,description
"Spaghetti Carbonara","Classic Italian pasta dish made with eggs, cheese, pancetta, and pepper."
"Chicken Tikka Masala","Creamy and spicy chicken dish cooked in a tomato and yogurt sauce."
"Beef Stroganoff","Saut√©ed beef in a creamy mushroom sauce, served over egg noodles."
"Caesar Salad","Fresh romaine lettuce tossed with Caesar dressing, croutons, and Parmesan cheese."
"Vegetable Stir Fry","A mixture of colorful vegetables stir-fried with a savory sauce."
"Chicken Alfredo","Grilled chicken breasts served with fettuccine pasta and a rich Alfredo sauce."
"Fish Tacos","Crispy fish fillets served in tortillas with cabbage slaw and a tangy lime sauce."
"Margherita Pizza","Classic pizza topped with tomato sauce, fresh mozzarella, and basil."
"Lentil Soup","Hearty soup made with lentils, vegetables, and aromatic spices."
"Shrimp Scampi","Shrimp cooked in a garlic butter sauce, served over linguine pasta."
"Lasagna","Baked Italian dish with layers of pasta, meat sauce, and cheese."
"Greek Salad","Fresh salad with tomatoes, cucumber, olives, feta cheese, and a lemon-oregano dressing."
"Chicken Fajitas","Sizzling chicken strips cooked with bell peppers and onions, served with tortillas."
"Minestrone Soup","Classic Italian vegetable soup with beans, pasta, and a flavorful broth."
"BBQ Ribs","Slow-cooked pork ribs covered in a smoky barbecue sauce."
"Cajun Chicken","Spicy chicken dish cooked with a blend of Cajun spices."
"Vegetable Lasagna","Layers of pasta with vegetables, marinara sauce, and cheese, baked to perfection."
"Banana Smoothie","Creamy smoothie made with bananas, yogurt, and honey."
"Honey Glazed Chicken","Chicken drumsticks baked with a sweet and sticky honey glaze."
"Lobster Roll","Soft bread roll filled with succulent lobster meat mixed with a light mayo dressing."
"Eggplant Involtini","Eggplant slices rolled up with ricotta and spinach, baked in tomato sauce."
"Roasted Brussels Sprouts","Crispy Brussels sprouts seasoned with olive oil and garlic, roasted in the oven."
"Chickpea Curry","Savory curry made with chickpeas, tomatoes, and coconut milk, served over rice."
"Vegetable Tahini Salad","Mixed greens and vegetables drizzled with a creamy tahini dressing."
"Tomato Basil Soup","Smooth and creamy tomato soup with fresh basil."
"Chocolate Lava Cake","Rich chocolate cake with a gooey molten center."
"Chicken Tenders","Breaded and fried chicken strips, perfect with dipping sauces."
"Garlic Knots","Soft bread knots brushed with a garlic butter glaze."
"Ratatoille","French vegetable stew featuring eggplant, zucchini, and bell peppers."
"Sushi Bowl","Deconstructed sushi with rice, raw fish, avocado, cucumber, and a drizzle of soy sauce."
"Lamb Kebabs","Skewered and grilled lamb cubes, marinated with spices."
"Fruit Tart","Crispy pastry crust filled with custard and topped with fresh fruit."
"Bacon Wrapped Asparagus","Asparagus spears wrapped in bacon and roasted until crispy."
"Buffalo Chicken Dip","Spicy, creamy dip made with shredded chicken, hot sauce, and cheese."
"Cucumber Sandwiches","Tea sandwiches with crisp cucumbers and a light dill spread."
"Pumpkin Spice Latte","Creamy coffee drink flavored with pumpkin, cinnamon, and nutmeg."
"Taco Salad","Salad with seasoned ground beef, lettuce, tomatoes, cheese, and tortilla chips."
"Grilled Cheese Sandwich","Toasted sandwich with melted cheese."
"Cobb Salad","Fresh salad with chicken, bacon, hard-boiled eggs, avocado, and blue cheese."
"Korean Bibimbap","Korean rice bowl topped with arranged vegetables, meat, and a fried egg."
"Stuffed Avocados","Halved avocados filled with a savory chicken or tuna salad."
"Pea and Mint Soup","Light and refreshing soup made with peas and fresh mint."
"Fish Chowder","Rich and creamy soup made with fresh fish, potatoes, and onions."
"Oatmeal","Breakfast porridge made from oats and milk."
"Egg Foo Young","Chinese omelet made with eggs, vegetables, and meats, served with a savory gravy."
"Chicken Salad","Salad made with cooked chicken, mayonnaise, and celery."
"Baked Tilapia","Tender tilapia fillets baked with a lemon garlic sauce."
"Pasta Puttanesca","Pasta dish with a tangy tomato sauce made with olives, capers, and anchovies."
"Green Bean Casserole","Savory casserole made with green beans and a creamy mushroom sauce."
"Chickpea Tacos","Tacos filled with spiced chickpeas, avocado, and salsa."
"Cinnamon Apples","Sliced apples cooked with cinnamon and brown sugar."
"Warm Lentil Salad","Salad made with warm lentils, roasted vegetables, and a mustard dressing."
"Fresh Spring Rolls","Rice paper rolls filled with fresh vegetables, shrimp, and a tangy dipping sauce."
"Grilled Pineapple","Slices of pineapple brushed with honey and grilled until caramelized."
"Couscous","Fluffy couscous served as a side dish with a flavorful broth."
"Coconut Shrimp","Shrimp coated in coconut flakes and fried until golden brown."
"Chicken Pho","Vietnamese noodle soup with chicken, herbs, and a savory broth."
"Spinach Artichoke Pasta","Pasta tossed with a creamy spinach and artichoke sauce."
"Vegetable Kabobs","Grilled skewers of assorted seasoned vegetables."
"Chocolate Covered Strawberries","Fresh strawberries dipped in melted chocolate."
"Chimichurri Steak","Grilled steak topped with a fresh chimichurri sauce."
"Chef's Salad","Hearty salad with various meats, cheese, and hard-boiled eggs."
"Pear and Blue Cheese Salad","Salad with fresh pears, blue cheese, and walnuts."
"Corn Fritters","Crispy fritters made with sweet corn and a light batter."
"Pineapple Fried Rice","Stir-fried rice with pineapple, vegetables, and soy sauce."
"Vegetable Soba Noodles","Buckwheat noodles stir-fried with colorful vegetables and a savory sauce."
"Gyro","Greek sandwich with grilled meats, tomatoes, onions, and tzatziki sauce, wrapped in pita bread."
"Couscous Stuffed Peppers","Bell peppers filled with a savory couscous and vegetable mixture."
"Shrimp Pad Thai","Thai noodle dish with shrimp, peanuts, and a tangy sauce."
"BBQ Chicken Pizza","Pizza topped with barbecue sauce, chicken, and red onions."
"Ramen","Japanese noodle soup with a rich broth, noodles, and assorted toppings."
"Herb Roasted Chicken","Whole chicken roasted with a blend of fresh herbs."
"Shrimp Tacos","Tacos filled with seasoned shrimp, cabbage, and a tangy sauce."
"Vegetable Loaf","Savory loaf made with a mixture of vegetables and spices."
"Honey Mustard Chicken","Chicken thighs baked with a sweet and tangy honey mustard glaze."
"Caprese Sandwich","Sandwich with fresh tomatoes, mozzarella, basil, and a drizzle of balsamic glaze."
"Eggplant Rollatini","Breaded eggplant slices rolled with ricotta cheese, baked in marinara sauce."
"Caesar Pasta Salad","Pasta salad made with Caesar dressing, chicken, and parmesan cheese."
"Chicken Shawarma","Marinated chicken cooked on a vertical rotisserie and served in pita bread."
"Malai Kofta","Indian dish with spiced vegetable balls served in a rich, creamy sauce."
"Chicken Tagine","Moroccan stew with chicken, vegetables, and aromatic spices."
"Vegetarian Sushi","Sushi rolls filled with assorted vegetables."
"Mango Salsa","Fresh salsa made with diced mango, red onions, and cilantro."
"Scalloped Potatoes","Thinly sliced potatoes baked in a creamy cheese sauce."
"Apple Cinnamon Muffins","Moist muffins made with apples and cinnamon."
"Cheese Souffle","Light and airy souffle made with cheese."
"Veggie Pizza","Pizza topped with a variety of fresh vegetables."
"Coconut Curry Soup","Spicy and creamy soup made with coconut milk, vegetables, and curry spices."
"Banana Pancakes","Fluffy pancakes made with ripe bananas."
"Zucchini Fritters","Crispy fritters made with grated zucchini and cheese."
"Falafel Salad","Salad with crispy falafel balls, fresh vegetables, and a tahini dressing."
"Caramelized Onions","Sweet and savory onions cooked slowly until caramelized."
"Red Velvet Cake","Rich, moist cake with a cream cheese frosting."
"Potato Pancakes","Crispy pancakes made from grated potatoes."
"Garlic Bread","Toasted bread topped with garlic butter and herbs."
"Spinach Lasagna","Lasagna made with layers of spinach, ricotta, and marinara sauce."
"Tomato Bruschetta","Toasted bread topped with a mixture of tomatoes, basil, and garlic."
"Strawberry Shortcake","Dessert made with fresh strawberries, sweet biscuits, and whipped cream."
"Chicken Strip","Breaded and fried strips of chicken."
"Broccoli Pesto Pasta","Pasta tossed with a fresh broccoli pesto sauce."
"Huevos Rancheros","Mexican breakfast dish with fried eggs, salsa, and tortillas."
"Black Bean Soup","Hearty soup made with black beans, vegetables, and spices."
"Tortilla Soup","Spicy Mexican soup with a tomato base, tortilla strips, and avocado."
"Stuffed Zucchini Boats","Zucchini halves filled with a savory mixture of meat or vegetables and baked."
"Coffee Cake","Moist cake with a streusel topping, perfect with coffee."
"Pumpkin Cheesecake","Cheesecake made with a spiced pumpkin filling."
"Chicken Gyros","Greek sandwich with marinated chicken, vegetables, and tzatziki sauce."
"Quinoa Stuffed Peppers","Bell peppers filled with quinoa, vegetables, and cheese, then baked."
"Chocolate Pie","Rich pie with a chocolate filling and a flaky crust."
"Turkey Burgers","Lean turkey patties served on buns with various toppings."
"Bircher Muesli","Swiss oatmeal with grated apple, nuts, and yogurt."
"Lamb Meatballs","Tender lamb meatballs served in a spicy tomato sauce."
"Radish Salad","Salad made with sliced radishes, cucumber, and a tangy vinaigrette."
"Chicken Quesadillas","Grilled tortillas filled with cheese, chicken, and salsa."
"Herb Crusted Salmon","Salmon fillets with a fresh herb crust, baked to perfection."
"Corn Chowder","Creamy soup made with sweet corn, potatoes, and bacon."
"Mango Chicken","Chicken breasts cooked with a fresh mango sauce."
"Spinach Stuffed Shells","Pasta shells filled with a spinach and ricotta mixture, baked in marinara sauce."
"Cauliflower Soup","Smooth and creamy soup made with roasted cauliflower."
"Coconut Macaroons","Sweet coconut cookies with a chewy center."
"Vegetable Frittata","Italian omelet with vegetables and cheese."
"Bavarian Pretzel","Soft, chewy pretzels with a touch of salt."
"Pickled Vegetables","Assorted vegetables pickled in a vinegar brine."
"Mocha Cheesecake","Cheesecake with a mocha-flavored filling and a chocolate crust."
"Turkish Eggs","Poached eggs served over yogurt, drizzled with spiced butter."
"Vegetable Goulash","Hearty stew made with vegetables and paprika."
"Peanut Satay Skewers","Grilled skewers of meat served with a peanut sauce."
"Baked Oatmeal","Hearty breakfast dish made with oats, fruits, and nuts."
"Soba Noodle Salad","Cold salad made with soba noodles, vegetables, and a soy dressing."
"Apple Streusel","Dessert made with spiced apples and a crumbly streusel topping."
"Baked Acorn Squash","Acorn squash halves baked with a sweet or savory filling."
"Pecan Pie","Rich pie with a filling of pecans and a caramel-like mixture."
"Beef Wellington","Tender beef fillet wrapped in puff pastry, baked to perfection."
"Pumpkin Bread","Moist quick bread made with pumpkin and warm spices."
"Seafood Alfredo","Fettuccine pasta tossed with a creamy Alfredo sauce and assorted seafood."
"Vegetable Biryani","Fragrant rice dish with mixed vegetables and aromatic spices."
"Chicken Cacciatore","Chicken cooked with tomatoes, bell peppers, mushrooms, and herbs."
"Feta Stuffed Peppers","Mini bell peppers stuffed with feta cheese, olives, and herbs."
"Kimchi Fried Rice","Fried rice dish with kimchi, vegetables, and a fried egg."
"Roasted Butternut Squash","Cubed butternut squash roasted with olive oil and spices."
"Vegetable Pancakes","Savory pancakes made with grated vegetables and a touch of flour."
"Pumpkin Soup","Creamy soup made with pumpkin, stock, and a blend of spices."
"Lentil Burgers","Vegetarian burgers made with lentils and vegetables."
"Sweet Potato Casserole","Casserole made with mashed sweet potatoes, brown sugar, and topped with marshmallows."
"Garden Salad","Fresh salad with mixed greens, tomatoes, cucumbers, and a light dressing."
"Mushroom Soup","Creamy soup made with a variety of mushrooms and a hint of thyme."
"Shrimp Fajitas","Sizzling shrimp cooked with bell peppers and onions, served with tortillas."
"Vegan Chili","Hearty chili made with beans, tomatoes, and spices, without any animal products."
"Macaroni Salad","Cold pasta salad made with macaroni, mayonnaise, and various add-ins."
"Lobster Bisque","Rich and creamy soup made with lobster stock and chunks of lobster meat."
"Gingerbread Cookies","Warm and spicy cookies made with molasses and ginger."
"Pot Roast","Slow-cooked beef roast with potatoes and carrots."
"Spinach Smoothie","Healthy smoothie made with fresh spinach, banana, and almond milk."
"Pork Dumplings","Savory dumplings filled with pork and vegetables, steamed or fried."
"Pumpkin Risotto","Creamy risotto made with pumpkin and Parmesan cheese."
"Berry Parfait","Layered dessert with yogurt, granola, and fresh berries."
"Coconut Rice","Rice cooked with coconut milk for a sweet, fragrant flavor."
"Roasted Garlic","Whole garlic bulbs roasted until soft and sweet."
"Lemon Bars","Tangy dessert bars made with a lemon custard on a shortbread crust."
"Chicken Noodle Casserole","Baked casserole with chicken, noodles, and a creamy sauce."
"Crab Rangoon","Fried wontons filled with a creamy crab mixture."
"Artichoke Dip","Warm dip made with artichokes, spinach, and cheese."
"Chicken Potstickers","Pan-fried dumplings filled with a savory chicken mixture."
"Curry Chicken Salad","Salad made with cooked chicken curry."
"Apple Butter","Thick and spiced apple spread, perfect for toast."
"Vegetable Souvlaki","Grilled vegetable skewers seasoned with Greek herbs."
"Fresh Spring Rolls","Rice paper rolls filled with fresh vegetables, shrimp, and a tangy dipping sauce."
"Breakfast Burrito","Flour tortilla filled with eggs, cheese, and other breakfast goodies."
"Herb Roasted Carrots","Carrots roasted with a blend of fresh herbs."
"Black Bean Brownies","Fudgy brownies made with black beans for a healthier twist."
"Apricot Chicken","Chicken breasts cooked with a sweet apricot sauce."
"Gingerbread Cake","Moist cake flavored with molasses and ginger."
"Vegetarian Moussaka","Greek casserole with layers of eggplant, potatoes, and a vegetable sauce."
"Cabbage Rolls","Cabbage leaves stuffed with a meat and rice mixture, then baked in tomato sauce."
"Chickpea Burgers","Vegetarian burgers made with mashed chickpeas and spices."
"Raspberry Sorbet","Refreshing frozen dessert made with raspberry puree."
"Rosemary Chicken","Chicken breasts seasoned with rosemary and baked."
"Chocolate Eclairs","Pastry filled with cream and topped with chocolate glaze."
"Banana Cream Pie","Pie with a creamy banana filling and a whipped cream topping."
"Shrimp Gumbo","Spicy and hearty stew with shrimp, sausage, and vegetables."
"Polenta","Creamy cornmeal dish often served as a side."
"Caramel Popcorn","Popcorn coated in a sweet caramel sauce."
"Cucumber Raita","Cooling Indian side dish made with yogurt and cucumbers."
"Hot and Sour Soup","Spicy and tangy Chinese soup with tofu and mushrooms."
"Potato Au Gratin","Thinly sliced potatoes baked in a creamy cheese sauce."
"Fruit Smoothie","Blended drink made with a mix of fresh fruits and yogurt."
"Barley Salad","Salad made with cooked barley, vegetables, and herbs."
"Buffalo Cauliflower","Cauliflower florets coated in spicy buffalo sauce and baked until crispy."
"Eggplant Caponata","Sicilian relish made with eggplant, tomatoes, and a sweet-sour sauce."
"Kale Chips","Crispy kale leaves baked with a touch of olive oil and salt."
"Ginger Chicken Stir Fry","Chicken stir-fried with ginger, garlic, vegetables, and a savory sauce."
"Lamb Curry","Spicy curry dish made with tender lamb and aromatic spices."
"Pork Schnitzel","Breaded and fried pork cutlets served with lemon wedges."
"Pork Schnitzel","Breaded and fried pork cutlets served with lemon wedges."
"Lamb Kebabs","Skewered and grilled lamb cubes, marinated with spices."
"Fruit Tart","Crispy pastry crust filled with custard and topped with fresh fruit."
"Bacon Wrapped Asparagus","Asparagus spears wrapped in bacon and roasted until crispy."
"Buffalo Chicken Dip","Spicy, creamy dip made with shredded chicken, hot sauce, and cheese."
"Cucumber Sandwiches","Tea sandwiches with crisp cucumbers and a light dill spread."
"Pumpkin Spice Latte","Creamy coffee drink flavored with pumpkin, cinnamon, and nutmeg."
"Taco Salad","Salad with seasoned ground beef, lettuce, tomatoes, cheese, and tortilla chips."
"Grilled Cheese Sandwich","Toasted sandwich with melted cheese."
"Cobb Salad","Fresh salad with chicken, bacon, hard-boiled eggs, avocado, and blue cheese."
"Korean Bibimbap","Korean rice bowl topped with arranged vegetables, meat, and a fried egg."
"Stuffed Avocados","Halved avocados filled with a savory chicken or tuna salad."
"Pea and Mint Soup","Light and refreshing soup made with peas and fresh mint."
"Fish Chowder","Rich and creamy soup made with fresh fish, potatoes, and onions."
"Oatmeal","Breakfast porridge made from oats and milk."
"Egg Foo Young","Chinese omelet made with eggs, vegetables, and meats, served with a savory gravy."
"Chicken Salad","Salad made with cooked chicken, mayonnaise, and celery."
"Baked Tilapia","Tender tilapia fillets baked with a lemon garlic sauce."
"Pasta Puttanesca","Pasta dish with a tangy tomato sauce made with olives, capers, and anchovies."
"Green Bean Casserole","Savory casserole made with green beans and a creamy mushroom sauce."
"Chickpea Tacos","Tacos filled with spiced chickpeas, avocado, and salsa."
